,Commune_Code_INSEE,Yearly_Growth
49,56260,-1.3962630177502722
119,92025,-1.7185307867001254
92,78551,-1.8283098258801034
82,75119,-1.9970618860940093
45,49007,-2.3283844762149486
