,Commune_Code_INSEE,Yearly_Growth
93,79191,11.340661241275424
97,83050,9.133823334822932
101,83126,8.544384482794465
135,93051,7.900881258968324
137,94016,7.6886685568543935
